Anonymous,1487,2020-05-03 14:17
Anonymous,805,2020-05-03 14:01
Anonymous,672,2020-05-03 13:50
Anonymous,493,2020-05-03 13:45
Anonymous,458,2020-05-03 13:28
Anonymous,427,2020-05-03 13:20
Anonymous,300,2020-05-03 13:21
Anonymous,300,2020-05-03 13:47
Anonymous,285,2020-05-23 16:42
Anonymous,283,2020-05-03 13:29
Anonymous,273,2020-05-03 13:43
Anonymous,272,2020-05-24 12:08
Anonymous,266,2020-05-03 11:13
Anonymous,260,2020-05-03 11:20
Anonymous,217,2020-05-23 20:55
Anonymous,211,2020-05-03 13:48
noemi,208,2020-05-03 14:18
Anonymous,207,2020-05-23 20:51
Anonymous,205,2020-05-17 19:12
Anonymous,205,2020-05-17 19:13
Anonymous,205,2020-05-17 19:17
Anonymous,205,2020-05-17 19:33
Anonymous,205,2020-05-23 16:33
Anonymous,205,2020-05-23 16:33
Anonymous,205,2020-05-23 20:29
Anonymous,205,2020-05-23 20:31
ss,204,2020-05-17 19:06
Anonymous,204,2020-05-17 19:11
Anonymous,204,2020-05-17 19:12
Anonymous,204,2020-05-17 19:13
Anonymous,204,2020-05-17 19:17
Anonymous,204,2020-05-17 19:18
Anonymous,204,2020-05-17 19:19
Anonymous,204,2020-05-17 19:20
Anonymous,204,2020-05-23 15:24
Anonymous,204,2020-05-23 19:50
Anonymous,204,2020-05-23 19:59
Anonymous,204,2020-05-23 20:05
Anonymous,204,2020-05-23 20:08
Anonymous,204,2020-05-23 20:10
Anonymous,204,2020-05-23 20:11
Anonymous,204,2020-05-23 20:50
Anonymous,204,2020-05-23 20:52
Anonymous,204,2020-05-24 12:09
Anonymous,203,2020-05-03 13:59
Anonymous,203,2020-05-03 14:01
Anonymous,203,2020-05-17 19:10
Anonymous,203,2020-05-17 19:11
Anonymous,203,2020-05-17 19:11
Anonymous,203,2020-05-17 19:13
Anonymous,203,2020-05-17 19:15
Anonymous,203,2020-05-17 19:15
Anonymous,203,2020-05-17 19:16
Anonymous,203,2020-05-17 19:16
Anonymous,203,2020-05-17 19:16
Anonymous,203,2020-05-17 19:17
Anonymous,203,2020-05-17 19:17
Anonymous,203,2020-05-17 19:19
Anonymous,203,2020-05-19 19:49
Anonymous,203,2020-05-23 16:33
Anonymous,203,2020-05-23 19:22
Anonymous,203,2020-05-23 19:58
Anonymous,203,2020-05-23 19:59
Anonymous,203,2020-05-23 19:59
Anonymous,203,2020-05-23 19:59
Anonymous,203,2020-05-23 20:11
Anonymous,203,2020-05-23 20:11
Anonymous,203,2020-05-23 20:26
Anonymous,203,2020-05-24 12:08
Anonymous,203,2020-05-24 12:09
Anonymous,202,2020-05-03 13:31
sss,202,2020-05-17 18:59
sss,202,2020-05-17 18:59
Anonymous,202,2020-05-17 19:07
Anonymous,202,2020-05-17 19:16
Anonymous,202,2020-05-19 19:53
Anonymous,202,2020-05-23 19:56
Anonymous,202,2020-05-23 20:10
Anonymous,202,2020-05-23 20:25
Anonymous,202,2020-05-23 20:51
Anonymous,202,2020-05-24 12:08
Anonymous,201,2020-05-03 13:52
Anonymous,201,2020-05-03 14:17
Anonymous,201,2020-05-23 19:50
Anonymous,201,2020-05-23 19:53
Anonymous,201,2020-05-23 20:27
Anonymous,201,2020-05-23 20:28
Anonymous,200,2020-05-03 13:52
Anonymous,200,2020-05-17 19:31
Anonymous,200,2020-05-19 18:45
Anonymous,200,2020-05-23 16:41
Anonymous,200,2020-05-23 16:41
Anonymous,200,2020-05-23 16:41
Anonymous,200,2020-05-23 16:41
Anonymous,200,2020-05-23 19:49
Anonymous,200,2020-05-23 20:11
Anonymous,200,2020-05-24 12:01
Anonymous,199,2020-05-17 19:14
Anonymous,199,2020-05-17 19:14
Anonymous,199,2020-05-17 19:16
Anonymous,199,2020-05-17 19:18
Anonymous,199,2020-05-17 19:20
Anonymous,199,2020-05-19 20:17
Anonymous,199,2020-05-23 16:33
Anonymous,199,2020-05-23 19:49
Anonymous,199,2020-05-23 19:52
Anonymous,198,2020-05-03 13:50
Anonymous,198,2020-05-17 19:16
Anonymous,198,2020-05-17 19:18
Anonymous,198,2020-05-17 19:36
Anonymous,198,2020-05-23 16:41
Anonymous,198,2020-05-23 20:12
Anonymous,198,2020-05-23 20:51
Anonymous,197,2020-05-23 19:49
Anonymous,197,2020-05-23 20:11
Anonymous,197,2020-05-23 20:49
Anonymous,196,2020-05-23 20:11
Anonymous,196,2020-05-24 12:01
Anonymous,195,2020-05-17 19:09
Anonymous,195,2020-05-17 19:19
Anonymous,195,2020-05-19 19:48
Anonymous,195,2020-05-23 16:33
Anonymous,195,2020-05-23 19:22
Anonymous,195,2020-05-24 11:57
sss,194,2020-05-17 18:59
Anonymous,194,2020-05-17 19:26
Anonymous,194,2020-05-23 20:04
Anonymous,194,2020-05-24 11:57
Anonymous,193,2020-05-23 19:49
Anonymous,192,2020-05-23 16:36
Anonymous,190,2020-05-19 19:52
Anonymous,189,2020-05-17 19:14
Anonymous,189,2020-05-23 19:46
Anonymous,187,2020-05-17 19:12
Anonymous,186,2020-05-24 11:56
Anonymous,185,2020-05-17 19:20
Anonymous,185,2020-05-17 19:32
Anonymous,185,2020-05-23 16:41
Anonymous,184,2020-05-23 19:46
Anonymous,182,2020-05-17 19:23
Anonymous,181,2020-05-17 19:20
Anonymous,177,2020-05-23 19:58
Anonymous,177,2020-05-24 12:09
Anonymous,174,2020-05-23 20:25
Anonymous,168,2020-05-17 19:15
Anonymous,167,2020-05-17 19:34
Anonymous,163,2020-05-23 20:13
Anonymous,161,2020-05-23 20:52
Anonymous,152,2020-05-24 11:58
Anonymous,144,2020-05-23 20:12
Anonymous,142,2020-05-17 19:21
Anonymous,141,2020-05-23 20:17
Anonymous,139,2020-05-17 19:37
Anonymous,133,2020-05-23 16:01
Anonymous,133,2020-05-24 12:00
Anonymous,109,2020-05-17 19:38
Anonymous,106,2020-05-23 20:22
Anonymous,70,2020-05-23 16:41
Anonymous,6,2020-05-24 12:08
Anonymous,-5122,2020-05-23 16:51
